from,to

コンピュータリテラシー_0,コンピュータリテラシー_1

コンピュータリテラシー_0,コンピュータリテラシー_2

コンピュータリテラシー_0,コンピュータリテラシー_3

コンピュータリテラシー_0,コンピュータリテラシー_4

コンピュータリテラシー_1,コンピュータリテラシー_5

コンピュータリテラシー_1,コンピュータリテラシー_6

コンピュータリテラシー_1,コンピュータリテラシー_7

コンピュータリテラシー_2,コンピュータリテラシー_8

コンピュータリテラシー_2,コンピュータリテラシー_9

コンピュータリテラシー_2,コンピュータリテラシー_10

コンピュータリテラシー_3,コンピュータリテラシー_11

コンピュータリテラシー_3,コンピュータリテラシー_12

コンピュータリテラシー_4,コンピュータリテラシー_13

コンピュータリテラシー_4,コンピュータリテラシー_14

コンピュータリテラシー_4,コンピュータリテラシー_15

コンピュータリテラシー_4,コンピュータリテラシー_16

コンピュータリテラシー_4,コンピュータリテラシー_17

