from,to
プログラミング通論_0,プログラミング通論_1
プログラミング通論_0,プログラミング通論_2
プログラミング通論_0,プログラミング通論_3
プログラミング通論_0,プログラミング通論_4
プログラミング通論_1,プログラミング通論_5
プログラミング通論_1,プログラミング通論_6
プログラミング通論_1,プログラミング通論_7
プログラミング通論_2,プログラミング通論_8
プログラミング通論_2,プログラミング通論_9
プログラミング通論_2,プログラミング通論_10
プログラミング通論_2,プログラミング通論_11
プログラミング通論_2,プログラミング通論_12
プログラミング通論_3,プログラミング通論_13
プログラミング通論_3,プログラミング通論_14
プログラミング通論_3,プログラミング通論_15
プログラミング通論_3,プログラミング通論_16
プログラミング通論_3,プログラミング通論_17
プログラミング通論_3,プログラミング通論_18
プログラミング通論_3,プログラミング通論_19
プログラミング通論_3,プログラミング通論_20
プログラミング通論_3,プログラミング通論_21
